animalID,genotype,trial,Tgrasp,method,starvation,assayDate,series,,
WT1,WT,1,2.61,pipette,14,7/8/24,1,,
WT1,WT,2,3.48,pipette,14,7/8/24,1,,
WT1,WT,3,5.22,pipette,14,7/8/24,1,,
WT1,WT,4,4.35,pipette,14,7/8/24,1,,
WT1,WT,5,2.61,pipette,14,7/8/24,1,,
WT1,WT,6,3.48,pipette,14,7/8/24,1,,
WT1,WT,7,2.61,pipette,14,7/8/24,1,,
WT1,WT,8,2.61,pipette,14,7/8/24,1,,
WT1,WT,9,3.48,pipette,14,7/8/24,1,,
WT1,WT,10,4.35,pipette,14,7/8/24,1,,
WT2,WT,1,1.74,pipette,14,7/8/24,4,,
WT2,WT,2,3.48,pipette,14,7/8/24,4,,
WT2,WT,3,2.61,pipette,14,7/8/24,4,,
WT2,WT,4,2.61,pipette,14,7/8/24,4,,
WT2,WT,5,2.61,pipette,14,7/8/24,4,,
WT2,WT,6,3.48,pipette,14,7/8/24,4,,
WT2,WT,7,2.61,pipette,14,7/8/24,4,,
WT2,WT,8,3.48,pipette,14,7/8/24,4,,
WT2,WT,9,3.48,pipette,14,7/8/24,4,,
WT2,WT,10,3.48,pipette,14,7/8/24,4,,
WT3,WT,1,2.61,pipette,14,7/8/24,6,,
WT3,WT,2,3.48,pipette,14,7/8/24,6,,
WT3,WT,3,2.61,pipette,14,7/8/24,6,,
WT3,WT,4,4.35,pipette,14,7/8/24,6,,
WT3,WT,5,3.48,pipette,14,7/8/24,6,,
WT3,WT,6,2.61,pipette,14,7/8/24,6,,
WT3,WT,7,3.48,pipette,14,7/8/24,6,,
WT3,WT,8,8.7,pipette,14,7/8/24,6,,
WT3,WT,9,3.48,pipette,14,7/8/24,6,,
WT3,WT,10,2.61,pipette,14,7/8/24,6,,
WT4,WT,1,3.48,pipette,11,7/14/24,5,,
WT4,WT,2,1.74,pipette,11,7/14/24,5,,
WT4,WT,3,3.48,pipette,11,7/14/24,5,,
WT4,WT,4,4.35,pipette,11,7/14/24,5,,
WT4,WT,5,5.22,pipette,11,7/14/24,5,,
WT4,WT,6,3.48,pipette,11,7/14/24,5,,
WT4,WT,7,4.35,pipette,11,7/14/24,5,,
WT4,WT,8,2.61,pipette,11,7/14/24,5,,
WT4,WT,9,2.61,pipette,11,7/14/24,5,,
WT4,WT,10,3.48,pipette,11,7/14/24,5,,
WT5,WT,1,2.61,pipette,11,7/14/24,7,,
WT5,WT,2,1.74,pipette,11,7/14/24,7,,
WT5,WT,3,3.48,pipette,11,7/14/24,7,,
WT5,WT,4,1.74,pipette,11,7/14/24,7,,
WT5,WT,5,4.35,pipette,11,7/14/24,7,,
WT5,WT,6,3.48,pipette,11,7/14/24,7,,
WT5,WT,7,3.48,pipette,11,7/14/24,7,,
WT5,WT,8,3.48,pipette,11,7/14/24,7,,
WT5,WT,9,6.96,pipette,11,7/14/24,7,,
WT5,WT,10,3.48,pipette,11,7/14/24,7,,
WT6,WT,1,2.61,pipette,11,7/14/24,8,,
WT6,WT,2,2.61,pipette,11,7/14/24,8,,
WT6,WT,3,3.48,pipette,11,7/14/24,8,,
WT6,WT,4,2.61,pipette,11,7/14/24,8,,
WT6,WT,5,1.74,pipette,11,7/14/24,8,,
WT6,WT,6,2.61,pipette,11,7/14/24,8,,
WT6,WT,7,2.61,pipette,11,7/14/24,8,,
WT6,WT,8,1.74,pipette,11,7/14/24,8,,
WT6,WT,9,2.61,pipette,11,7/14/24,8,,
WT6,WT,10,2.61,pipette,11,7/14/24,8,,
MUT1,MUT,1,3.48,pipette,14,7/8/24,2,,
MUT1,MUT,2,2.61,pipette,14,7/8/24,2,,
MUT1,MUT,3,3.48,pipette,14,7/8/24,2,,
MUT1,MUT,4,3.48,pipette,14,7/8/24,2,,
MUT1,MUT,5,2.61,pipette,14,7/8/24,2,,
MUT1,MUT,6,2.61,pipette,14,7/8/24,2,,
MUT1,MUT,7,3.48,pipette,14,7/8/24,2,,
MUT1,MUT,8,2.61,pipette,14,7/8/24,2,,
MUT1,MUT,9,2.61,pipette,14,7/8/24,2,,
MUT1,MUT,10,2.61,pipette,14,7/8/24,2,,
MUT2,MUT,1,4.35,pipette,14,7/8/24,3,,
MUT2,MUT,2,2.61,pipette,14,7/8/24,3,,
MUT2,MUT,3,5.22,pipette,14,7/8/24,3,,
MUT2,MUT,4,3.48,pipette,14,7/8/24,3,,
MUT2,MUT,5,2.61,pipette,14,7/8/24,3,,
MUT2,MUT,6,1.74,pipette,14,7/8/24,3,,
MUT2,MUT,7,3.48,pipette,14,7/8/24,3,,
MUT2,MUT,8,6.09,pipette,14,7/8/24,3,,
MUT2,MUT,9,1.74,pipette,14,7/8/24,3,,
MUT2,MUT,10,2.61,pipette,14,7/8/24,3,,
MUT3,MUT,1,2.61,pipette,14,7/8/24,5,,
MUT3,MUT,2,2.61,pipette,14,7/8/24,5,,
MUT3,MUT,3,2.61,pipette,14,7/8/24,5,,
MUT3,MUT,4,6.09,pipette,14,7/8/24,5,,
MUT3,MUT,5,4.35,pipette,14,7/8/24,5,,
MUT3,MUT,6,2.61,pipette,14,7/8/24,5,,
MUT3,MUT,7,2.61,pipette,14,7/8/24,5,,
MUT3,MUT,8,3.48,pipette,14,7/8/24,5,,
MUT3,MUT,9,2.61,pipette,14,7/8/24,5,,
MUT3,MUT,10,4.35,pipette,14,7/8/24,5,,
MUT4,MUT,1,2.61,pipette,11,7/14/24,1,,
MUT4,MUT,2,2.61,pipette,11,7/14/24,1,,
MUT4,MUT,3,2.61,pipette,11,7/14/24,1,,
MUT4,MUT,4,4.35,pipette,11,7/14/24,1,,
MUT4,MUT,5,3.48,pipette,11,7/14/24,1,,
MUT4,MUT,6,3.48,pipette,11,7/14/24,1,,
MUT4,MUT,7,2.61,pipette,11,7/14/24,1,,
MUT4,MUT,8,4.35,pipette,11,7/14/24,1,,
MUT4,MUT,9,3.48,pipette,11,7/14/24,1,,
MUT4,MUT,10,3.48,pipette,11,7/14/24,1,,
MUT5,MUT,1,2.61,pipette,11,7/14/24,2,,
MUT5,MUT,2,2.61,pipette,11,7/14/24,2,,
MUT5,MUT,3,2.61,pipette,11,7/14/24,2,,
MUT5,MUT,4,2.61,pipette,11,7/14/24,2,,
MUT5,MUT,5,2.61,pipette,11,7/14/24,2,,
MUT5,MUT,6,1.74,pipette,11,7/14/24,2,,
MUT5,MUT,7,3.48,pipette,11,7/14/24,2,,
MUT5,MUT,8,4.35,pipette,11,7/14/24,2,,
MUT5,MUT,9,4.35,pipette,11,7/14/24,2,,
MUT5,MUT,10,2.61,pipette,11,7/14/24,2,,
MUT6,MUT,1,4.35,pipette,11,7/14/24,3,,
MUT6,MUT,2,4.35,pipette,11,7/14/24,3,,
MUT6,MUT,3,2.61,pipette,11,7/14/24,3,,
MUT6,MUT,4,3.48,pipette,11,7/14/24,3,,
MUT6,MUT,5,2.61,pipette,11,7/14/24,3,,
MUT6,MUT,6,2.61,pipette,11,7/14/24,3,,
MUT6,MUT,7,4.35,pipette,11,7/14/24,3,,
MUT6,MUT,8,2.61,pipette,11,7/14/24,3,,
MUT6,MUT,9,6.96,pipette,11,7/14/24,3,,
MUT6,MUT,10,4.35,pipette,11,7/14/24,3,,
MUT7,MUT,1,3.48,pipette,11,7/14/24,4,,
MUT7,MUT,2,2.61,pipette,11,7/14/24,4,,
MUT7,MUT,3,3.48,pipette,11,7/14/24,4,,
MUT7,MUT,4,1.74,pipette,11,7/14/24,4,,
MUT7,MUT,5,4.35,pipette,11,7/14/24,4,,
MUT7,MUT,6,2.61,pipette,11,7/14/24,4,,
MUT7,MUT,7,1.74,pipette,11,7/14/24,4,,
MUT7,MUT,8,2.61,pipette,11,7/14/24,4,,
MUT7,MUT,9,2.61,pipette,11,7/14/24,4,,
MUT7,MUT,10,3.48,pipette,11,7/14/24,4,,